image_name,label
134.jpg,2
119.jpg,1
416.jpg,2
257.jpg,4
374.jpg,1
307.jpg,2
531.jpg,2
108.jpg,1
676.jpg,1
549.jpg,2
546.jpg,0
232.jpg,4
256.jpg,4
373.jpg,5
261.jpg,5
221.jpg,3
631.jpg,1
9.jpg,5
400.jpg,4
84.jpg,2
147.jpg,3
598.jpg,2
233.jpg,2
21.jpg,3
527.jpg,2
2.jpg,1
191.jpg,2
566.jpg,2
79.jpg,5
412.jpg,5
23.jpg,4
57.jpg,5
100.jpg,5
64.jpg,1
334.jpg,2
440.jpg,2
109.jpg,4
29.jpg,4
344.jpg,3
113.jpg,5
239.jpg,3
192.jpg,3
67.jpg,2
426.jpg,4
443.jpg,2
382.jpg,1
314.jpg,3
520.jpg,5
452.jpg,0
14.jpg,4
391.jpg,1
172.jpg,1
65.jpg,5
674.jpg,2
144.jpg,1
26.jpg,3
540.jpg,3
322.jpg,3
441.jpg,1
210.jpg,3
204.jpg,3
94.jpg,1
230.jpg,5
174.jpg,2
93.jpg,1
402.jpg,1
658.jpg,0
357.jpg,0
137.jpg,2
135.jpg,3
304.jpg,4
96.jpg,4
602.jpg,5
72.jpg,0
571.jpg,4
121.jpg,3
158.jpg,5
6.jpg,3
628.jpg,5
346.jpg,3
585.jpg,1
183.jpg,5
60.jpg,2
279.jpg,5
285.jpg,5
438.jpg,3
358.jpg,0
686.jpg,1
503.jpg,0
290.jpg,0
453.jpg,1
434.jpg,4
76.jpg,5
170.jpg,0
394.jpg,3
663.jpg,3
655.jpg,1
427.jpg,4
129.jpg,1
652.jpg,5
142.jpg,1
194.jpg,2
538.jpg,1
493.jpg,5
246.jpg,4
669.jpg,1
47.jpg,1
665.jpg,2
218.jpg,1
561.jpg,5
295.jpg,1
201.jpg,3
19.jpg,3
95.jpg,2
112.jpg,2
217.jpg,0
80.jpg,4
157.jpg,1
139.jpg,1
463.jpg,0
554.jpg,1
15.jpg,3
467.jpg,5
512.jpg,3
91.jpg,2
333.jpg,1
542.jpg,3
511.jpg,4
46.jpg,4
260.jpg,4
469.jpg,1
672.jpg,1
548.jpg,1
582.jpg,3
379.jpg,1
423.jpg,1
178.jpg,2
532.jpg,1
609.jpg,1
164.jpg,1
175.jpg,1
517.jpg,4
160.jpg,0
489.jpg,4
636.jpg,1
272.jpg,5
575.jpg,5
479.jpg,3
213.jpg,3
36.jpg,1
41.jpg,1
662.jpg,3
556.jpg,4
428.jpg,1
685.jpg,5
530.jpg,1
562.jpg,2
32.jpg,1
138.jpg,5
544.jpg,5
40.jpg,1
476.jpg,3
336.jpg,2
500.jpg,2
329.jpg,3
506.jpg,2
151.jpg,5
248.jpg,1
659.jpg,0
411.jpg,2
184.jpg,2
58.jpg,5
168.jpg,1
182.jpg,1
324.jpg,3
573.jpg,1
145.jpg,5
337.jpg,3
644.jpg,5
678.jpg,1
611.jpg,4
580.jpg,1
660.jpg,1
343.jpg,2
0.jpg,4
284.jpg,0
363.jpg,0
241.jpg,4
120.jpg,3
294.jpg,2
33.jpg,0
262.jpg,3
572.jpg,5
442.jpg,2
303.jpg,1
287.jpg,2
439.jpg,0
124.jpg,5
320.jpg,3
189.jpg,2
634.jpg,1
198.jpg,3
668.jpg,0
180.jpg,1
675.jpg,1
293.jpg,1
677.jpg,1
281.jpg,2
375.jpg,2
126.jpg,1
45.jpg,0
349.jpg,3
103.jpg,2
643.jpg,2
381.jpg,2
405.jpg,5
74.jpg,4
497.jpg,3
490.jpg,1
111.jpg,1
492.jpg,1
587.jpg,1
466.jpg,1
420.jpg,2
28.jpg,1
483.jpg,4
332.jpg,1
105.jpg,5
3.jpg,1
247.jpg,1
163.jpg,5
20.jpg,4
73.jpg,1
460.jpg,5
629.jpg,1
341.jpg,1
169.jpg,1
310.jpg,0
577.jpg,4
11.jpg,5
519.jpg,2
378.jpg,1
494.jpg,1
654.jpg,4
263.jpg,4
12.jpg,3
49.jpg,1
130.jpg,2
179.jpg,1
574.jpg,2
236.jpg,4
235.jpg,3
275.jpg,4
501.jpg,1
579.jpg,1
673.jpg,1
59.jpg,1
277.jpg,5
578.jpg,2
477.jpg,3
681.jpg,4
528.jpg,4
89.jpg,2
8.jpg,2
671.jpg,5
312.jpg,1
384.jpg,0
386.jpg,1
398.jpg,2
292.jpg,1
325.jpg,2
200.jpg,1
280.jpg,1
350.jpg,1
208.jpg,5
407.jpg,5
234.jpg,3
238.jpg,0
68.jpg,5
177.jpg,1
425.jpg,1
553.jpg,5
300.jpg,2
645.jpg,4
42.jpg,2
370.jpg,5
451.jpg,1
7.jpg,2
318.jpg,3
614.jpg,5
591.jpg,0
431.jpg,1
122.jpg,1
299.jpg,5
543.jpg,3
597.jpg,3
450.jpg,1
83.jpg,3
81.jpg,1
327.jpg,1
516.jpg,5
383.jpg,1
550.jpg,4
231.jpg,3
212.jpg,3
559.jpg,5
522.jpg,2
62.jpg,2
509.jpg,0
43.jpg,3
470.jpg,1
403.jpg,5
10.jpg,2
50.jpg,3
149.jpg,2
487.jpg,5
495.jpg,2
515.jpg,2
66.jpg,2
291.jpg,2
48.jpg,2
563.jpg,4
141.jpg,1
116.jpg,4
203.jpg,1
269.jpg,5
607.jpg,5
110.jpg,2
51.jpg,1
557.jpg,1
190.jpg,5
165.jpg,5
289.jpg,2
353.jpg,1
254.jpg,4
240.jpg,5
259.jpg,1
104.jpg,5
670.jpg,2
537.jpg,1
44.jpg,1
610.jpg,1
457.jpg,1
70.jpg,2
53.jpg,5
478.jpg,1
624.jpg,1
31.jpg,4
589.jpg,1
181.jpg,2
71.jpg,4
268.jpg,5
480.jpg,5
63.jpg,3
39.jpg,3
596.jpg,5
397.jpg,1
535.jpg,3
364.jpg,3
445.jpg,1
271.jpg,5
106.jpg,1
136.jpg,1
301.jpg,2
472.jpg,1
252.jpg,1
620.jpg,5
502.jpg,1
196.jpg,4
507.jpg,1
590.jpg,4
56.jpg,5
533.jpg,0
125.jpg,3
473.jpg,1
635.jpg,3
161.jpg,3
114.jpg,2
176.jpg,2
143.jpg,4
335.jpg,0
372.jpg,3
541.jpg,4
339.jpg,1
687.jpg,2
188.jpg,4
666.jpg,1
326.jpg,2
641.jpg,4
508.jpg,0
369.jpg,0
498.jpg,1
371.jpg,1
547.jpg,3
18.jpg,2
389.jpg,5
150.jpg,2
249.jpg,2
223.jpg,3
355.jpg,1
414.jpg,1
90.jpg,3
356.jpg,1
632.jpg,3
584.jpg,2
366.jpg,3
447.jpg,1
199.jpg,0
283.jpg,4
380.jpg,1
377.jpg,3
345.jpg,3
656.jpg,1
37.jpg,4
97.jpg,2
462.jpg,4
392.jpg,3
448.jpg,5
321.jpg,0
521.jpg,3
396.jpg,4
5.jpg,1
270.jpg,4
264.jpg,4
52.jpg,3
604.jpg,5
242.jpg,3
316.jpg,3
361.jpg,5
317.jpg,3
4.jpg,0
308.jpg,2
153.jpg,0
195.jpg,0
601.jpg,5
510.jpg,2
186.jpg,1
446.jpg,2
454.jpg,1
605.jpg,2
365.jpg,3
359.jpg,5
302.jpg,1
315.jpg,5
131.jpg,5
17.jpg,3
565.jpg,0
616.jpg,4
159.jpg,3
107.jpg,2
647.jpg,3
413.jpg,4
486.jpg,2
222.jpg,2
461.jpg,0
243.jpg,1
555.jpg,3
680.jpg,3
27.jpg,2
75.jpg,5
455.jpg,2
348.jpg,3
54.jpg,3
267.jpg,1
526.jpg,1
603.jpg,4
551.jpg,1
594.jpg,2
140.jpg,4
34.jpg,3
545.jpg,2
417.jpg,2
552.jpg,4
228.jpg,2
395.jpg,1
86.jpg,2
276.jpg,1
523.jpg,5
524.jpg,2
615.jpg,2
117.jpg,3
237.jpg,1
456.jpg,0
633.jpg,3
642.jpg,4
534.jpg,1
229.jpg,0
419.jpg,2
55.jpg,5
630.jpg,3
118.jpg,5
608.jpg,1
227.jpg,3
216.jpg,3
367.jpg,5
85.jpg,4
471.jpg,4
646.jpg,2
133.jpg,5
309.jpg,1
99.jpg,1
132.jpg,2
22.jpg,5
648.jpg,2
368.jpg,1
496.jpg,1
13.jpg,4
205.jpg,1
595.jpg,3
536.jpg,5
539.jpg,1
30.jpg,3
255.jpg,0
226.jpg,2
146.jpg,3
638.jpg,2
625.jpg,3
621.jpg,1
664.jpg,4
387.jpg,5
637.jpg,2
352.jpg,3
564.jpg,2
592.jpg,5
69.jpg,2
599.jpg,4
570.jpg,5
202.jpg,2
649.jpg,1
115.jpg,0
193.jpg,5
156.jpg,2
61.jpg,5
278.jpg,1
560.jpg,5
409.jpg,3
331.jpg,3
399.jpg,1
253.jpg,5
433.jpg,1
406.jpg,4
481.jpg,1
622.jpg,4
258.jpg,4
225.jpg,3
128.jpg,2
148.jpg,3
504.jpg,1
667.jpg,1
251.jpg,0
650.jpg,3
273.jpg,1
215.jpg,2
298.jpg,2
491.jpg,4
219.jpg,3
288.jpg,2
167.jpg,0
360.jpg,1
340.jpg,1
98.jpg,0
437.jpg,4
313.jpg,3
613.jpg,5
123.jpg,2
623.jpg,2
618.jpg,0
102.jpg,1
342.jpg,4
214.jpg,0
682.jpg,4
88.jpg,2
92.jpg,5
25.jpg,4
206.jpg,4
173.jpg,2
77.jpg,2
127.jpg,5
576.jpg,1
640.jpg,2
266.jpg,2
430.jpg,3
24.jpg,2
408.jpg,5
424.jpg,2
78.jpg,3
415.jpg,1
305.jpg,1
653.jpg,0
351.jpg,4
558.jpg,5
421.jpg,1
185.jpg,5
568.jpg,0
250.jpg,4
661.jpg,2
274.jpg,2
581.jpg,1
207.jpg,2
593.jpg,4
319.jpg,5
224.jpg,1
679.jpg,4
82.jpg,1
583.jpg,1
626.jpg,0
209.jpg,1
418.jpg,3
187.jpg,2
449.jpg,1
464.jpg,1
588.jpg,1
657.jpg,0
458.jpg,1
422.jpg,1
468.jpg,2
444.jpg,2
330.jpg,1
529.jpg,3
474.jpg,0
220.jpg,3
155.jpg,1
586.jpg,2
435.jpg,1
525.jpg,1
482.jpg,3
16.jpg,5
499.jpg,1
311.jpg,4
485.jpg,2
171.jpg,5
265.jpg,3
338.jpg,3
152.jpg,0
432.jpg,2
459.jpg,2
465.jpg,4
617.jpg,1
1.jpg,4
401.jpg,2
38.jpg,4
388.jpg,1
390.jpg,3
484.jpg,1
505.jpg,4
612.jpg,1
197.jpg,3
619.jpg,5
328.jpg,3
410.jpg,1
362.jpg,3
393.jpg,0
683.jpg,1
166.jpg,1
651.jpg,4
154.jpg,3
569.jpg,1
35.jpg,0
518.jpg,3
385.jpg,3
87.jpg,2
244.jpg,0
514.jpg,2
684.jpg,1
606.jpg,5
297.jpg,3
639.jpg,1
101.jpg,1
282.jpg,5
404.jpg,2
162.jpg,1
627.jpg,2
245.jpg,0
488.jpg,0
323.jpg,4
286.jpg,3
347.jpg,3
306.jpg,4
296.jpg,1
211.jpg,0
567.jpg,4
376.jpg,3
436.jpg,2
513.jpg,1
600.jpg,5
429.jpg,5
475.jpg,5
354.jpg,4
